車選び,,,,名詞,一般,*,*,*,*,車選び,*,*,ByTermExtractEst
中古車,,,,名詞,一般,*,*,*,*,中古車,*,*,ByTermExtractEst
担当スタッフ,,,,名詞,一般,*,*,*,*,担当スタッフ,*,*,ByTermExtractEst
担当者,,,,名詞,一般,*,*,*,*,担当者,*,*,ByTermExtractEst
中古車選び,,,,名詞,一般,*,*,*,*,中古車選び,*,*,ByTermExtractEst
車情報,,,,名詞,一般,*,*,*,*,車情報,*,*,ByTermExtractEst
中古車センター,,,,名詞,一般,*,*,*,*,中古車センター,*,*,ByTermExtractEst
１つ１つ質問,,,,名詞,一般,*,*,*,*,１つ１つ質問,*,*,ByTermExtractEst
キッズスペース,,,,名詞,一般,*,*,*,*,キッズスペース,*,*,ByTermExtractEst
市原平成通り店,,,,名詞,一般,*,*,*,*,市原平成通り店,*,*,ByTermExtractEst
｡出張査定,,,,名詞,一般,*,*,*,*,｡出張査定,*,*,ByTermExtractEst
子供連れ,,,,名詞,一般,*,*,*,*,子供連れ,*,*,ByTermExtractEst
他店,,,,名詞,一般,*,*,*,*,他店,*,*,ByTermExtractEst
愚か得,,,,名詞,一般,*,*,*,*,愚か得,*,*,ByTermExtractEst
清潔感,,,,名詞,一般,*,*,*,*,清潔感,*,*,ByTermExtractEst
ガリバーーー,,,,名詞,一般,*,*,*,*,ガリバーーー,*,*,ByTermExtractEst
ヴェゼル,,,,名詞,一般,*,*,*,*,ヴェゼル,*,*,ByTermExtractEst
